<?xml version="1.0" encoding="UTF-8"?>
<project-private xmlns="http://www.netbeans.org/ns/project-private/1">
    <editor-bookmarks xmlns="http://www.netbeans.org/ns/editor-bookmarks/2" lastBookmarkId="0"/>
    <open-files xmlns="http://www.netbeans.org/ns/projectui-open-files/2">
        <group>
            <file>file:/home/sourabh/online_tutorials/code/CFDSolverStructured/src/main/VariableReconstructor.java</file>
            <file>file:/home/sourabh/online_tutorials/code/CFDSolverStructured/src/main/ReconstructionTypes.java</file>
            <file>file:/home/sourabh/online_tutorials/code/CFDSolverStructured/src/main/SolutionInitializer.java</file>
            <file>file:/home/sourabh/online_tutorials/code/CFDSolverStructured/src/main/SolutionFileWriter.java</file>
            <file>file:/home/sourabh/online_tutorials/code/CFDSolverStructured/src/main/Config.java</file>
            <file>file:/home/sourabh/online_tutorials/code/CFDSolverStructured/src/main/VariableCopier.java</file>
            <file>file:/home/sourabh/online_tutorials/code/CFDSolverStructured/src/main/TimeIntegration.java</file>
            <file>file:/home/sourabh/online_tutorials/code/CFDSolverStructured/src/main/CFDSolverStructured.java</file>
            <file>file:/home/sourabh/online_tutorials/code/CFDSolverStructured/src/main/GhostCellUpdater.java</file>
            <file>file:/home/sourabh/online_tutorials/code/CFDSolverStructured/src/main/TimeStepCalculator.java</file>
            <file>file:/home/sourabh/online_tutorials/code/CFDSolverStructured/src/main/ErrorCalculator.java</file>
            <file>file:/home/sourabh/online_tutorials/code/CFDSolverStructured/src/main/Cell.java</file>
            <file>file:/home/sourabh/online_tutorials/code/CFDSolverStructured/src/main/Flux.java</file>
        </group>
    </open-files>
</project-private>
